{
  "project_info": {
    "project_number": "1068067776552",
    "project_id": "family-logbook",
    "storage_bucket": "family-logbook.firebasestorage.app"
  },
  "client": [
    {
      "client_info": {
        "mobilesdk_app_id": "1:1068067776552:android:c3cb943508efd78491ed1d",
        "android_client_info": {
          "package_name": "com.familylogbook.app"
        }
      },
      "oauth_client": [],
      "api_key": [
        {
          "current_key": "AIzaSyAwbeCthUZ0aBLe8WsBRz4S4F_6q3p7isk"
        }
      ],
      "services": {
        "appinvite_service": {
          "other_platform_oauth_client": []
        }
      }
    }
  ],
  "configuration_version": "1"
}